case,target_agl_m,selected_level_mode,selected_agl_mean_m,selected_agl_min_m,selected_agl_max_m,speed_mean,speed_p50,speed_p95,speed_p99,speed_max,w_abs_p99,w_abs_max,w_grid_abs_p99,w_grid_abs_max
v1_auto1_n60_top12_s26,50.0,2,56.46095863578342,34.5023193359375,65.49920654296875,1.7639837265014648,1.5156461000442505,3.9866933822631836,5.447306156158447,8.904499053955078,1.3029149770736694,3.206587076187134,0.3071138858795166,1.1123586893081665
v1_auto1_n60_top12_s26,100.0,3,96.34347762561502,83.5552978515625,116.4329833984375,1.7730622291564941,1.4898631572723389,4.142648696899414,5.698233127593994,9.217150688171387,1.2604215145111084,3.164790630340576,0.49412569403648376,1.5173861980438232
v1_auto1_n60_top12_s26,200.0,6,199.49422953111008,175.4464111328125,224.5601806640625,1.8155521154403687,1.5093865394592285,4.349943161010742,5.908838748931885,9.796796798706055,1.115058422088623,2.751077890396118,0.8487701416015625,2.4879655838012695
v2_auto1_n80_top12_s26,50.0,2,44.870684486067056,39.7080078125,60.283935546875,1.7676584720611572,1.5450338125228882,3.917619466781616,5.342252731323242,8.758776664733887,1.3061238527297974,3.1848626136779785,0.2567993700504303,0.8691127300262451
v2_auto1_n80_top12_s26,100.0,4,99.18285963502967,86.5238037109375,113.47119140625,1.764714002609253,1.4762238264083862,4.154242515563965,5.7133331298828125,9.301082611083984,1.2514934539794922,3.146786689758301,0.4811849892139435,1.5542231798171997
v2_auto1_n80_top12_s26,200.0,7,198.63614275338827,178.2008056640625,221.8350830078125,1.8099108934402466,1.5052741765975952,4.331986904144287,5.88055944442749,9.799123764038086,1.1047263145446777,2.7944130897521973,0.8421065211296082,2.4000563621520996
v3_auto1_n60_top10_s26,50.0,2,54.466986148173156,34.5150146484375,65.4874267578125,1.7632746696472168,1.517138123512268,3.982534646987915,5.443484306335449,8.929635047912598,1.3020278215408325,3.1959893703460693,0.3140829801559448,1.138414740562439
v3_auto1_n60_top10_s26,100.0,3,98.61972633365305,83.60888671875,116.3927001953125,1.7740036249160767,1.4913097620010376,4.147829532623291,5.717820167541504,9.22752857208252,1.2532272338867188,3.157228469848633,0.5397272706031799,1.7051316499710083
v3_auto1_n60_top10_s26,200.0,6,199.87176242032405,175.604736328125,224.37255859375,1.8157439231872559,1.5073821544647217,4.347403049468994,5.9113640785217285,9.812119483947754,1.1078033447265625,2.758821964263916,0.9606893062591553,2.5297179222106934
v4_auto1_n70_top14_s26,50.0,2,58.08019975808459,34.50634765625,65.491455078125,1.7645502090454102,1.5150995254516602,3.993108034133911,5.461801528930664,8.888129234313965,1.3048871755599976,3.214529514312744,0.30363306403160095,1.0950382947921753
v4_auto1_n70_top14_s26,100.0,3,94.0881185974949,83.601806640625,116.39599609375,1.7685556411743164,1.4836947917938232,4.139856338500977,5.695828437805176,9.204424858093262,1.2646721601486206,3.1712522506713867,0.4625677168369293,1.4930952787399292
v4_auto1_n70_top14_s26,200.0,6,199.90815807191942,175.5228271484375,224.44873046875,1.8172212839126587,1.513363003730774,4.347785949707031,5.916355609893799,9.779656410217285,1.1191327571868896,2.7532618045806885,0.7999536991119385,2.448439836502075
v5_auto4_n70_top12_s26,50.0,2,59.24995850055905,49.336669921875,67.61224365234375,1.7682135105133057,1.5174555778503418,4.017261505126953,5.510238170623779,8.938763618469238,1.3065589666366577,3.2194299697875977,0.31871023774147034,1.1491403579711914
v5_auto4_n70_top12_s26,100.0,3,98.27078958263377,82.77392578125,117.23779296875,1.7637221813201904,1.4739097356796265,4.156588554382324,5.721036911010742,9.314361572265625,1.2534499168395996,3.1493849754333496,0.49405473470687866,1.6167865991592407
v5_auto4_n70_top12_s26,200.0,5,201.81346304564556,168.4508056640625,231.53076171875,1.8154094219207764,1.5079654455184937,4.348381519317627,5.902920246124268,9.81716251373291,1.1150305271148682,2.8332581520080566,0.8557626605033875,2.3570573329925537
s0_auto1_n60_top12_s11,50.0,2,60.435040081334066,59.173095703125,61.443115234375,1.7671477794647217,1.5193859338760376,3.995711326599121,5.4803361892700195,8.872611999511719,1.304764986038208,3.2410340309143066,0.2982120215892792,1.0644404888153076
s0_auto1_n60_top12_s11,100.0,3,94.14474991977333,91.835693359375,95.98919677734375,1.7648277282714844,1.4800431728363037,4.132326602935791,5.680954456329346,9.18416690826416,1.2665200233459473,3.1931138038635254,0.41929563879966736,1.4675058126449585
s0_auto1_n60_top12_s11,200.0,5,182.67280717921537,175.42236328125,224.57080078125,1.812905192375183,1.507997751235962,4.354564666748047,5.9192962646484375,9.742960929870605,1.1398807764053345,2.9148054122924805,0.7092693448066711,2.1497230529785156
s1_auto1_n60_top12_s15_3,50.0,2,59.7924560211977,55.84033203125,63.03497314453125,1.767911672592163,1.5208028554916382,3.9976613521575928,5.482627868652344,8.884729385375977,1.3036764860153198,3.2298028469085693,0.30184459686279297,1.082063913345337
s1_auto1_n60_top12_s15_3,100.0,3,92.97062045171337,85.748046875,98.8961181640625,1.764858603477478,1.4796421527862549,4.130862236022949,5.682988166809082,9.195765495300293,1.2668673992156982,3.1841888427734375,0.42557772994041443,1.4809612035751343
s1_auto1_n60_top12_s15_3,200.0,6,200.72562829279133,175.4180908203125,224.582763671875,1.824913740158081,1.5237492322921753,4.357667446136475,5.908608913421631,9.761568069458008,1.1201589107513428,2.780440330505371,0.7739785313606262,2.4645721912384033
s2_auto1_n60_top12_s24,50.0,2,58.90435069124431,53.0966796875,63.68377685546875,1.7687543630599976,1.5224652290344238,3.998565435409546,5.480489253997803,8.904655456542969,1.3042871952056885,3.2223734855651855,0.3064296543598175,1.1052961349487305
s2_auto1_n60_top12_s24,100.0,3,92.03572351135617,83.5693359375,116.423828125,1.7668678760528564,1.4817630052566528,4.132377624511719,5.690159320831299,9.210824966430664,1.2666163444519043,3.1795897483825684,0.4556223452091217,1.5140202045440674
s2_auto1_n60_top12_s24,200.0,6,201.28612882163245,175.4208984375,224.5775146484375,1.8182631731033325,1.5148595571517944,4.347594261169434,5.900876045227051,9.780538558959961,1.1092727184295654,2.7602579593658447,0.8011602163314819,2.524472236633301
