role	case_name	source
static	lfff00000000c	/scratch/mch/olifu/icon_hicar/data/icon_ch1_eps_20260710T18_ctrl_oper_icon_000/lfff00000000c
f000	lfff_f000	/scratch/mch/olifu/icon_hicar/data/icon_ch1_eps_20260710T18_ctrl_oper_icon_000/lfff00000000
f001	lfff_f001	/scratch/mch/olifu/icon_hicar/data/icon_ch1_eps_20260710T18_ctrl_oper_icon_000/lfff00010000
f002	lfff_f002	/scratch/mch/olifu/icon_hicar/data/icon_ch1_eps_20260710T18_ctrl_oper_icon_000/lfff00020000
f003	lfff_f003	/scratch/mch/olifu/icon_hicar/data/icon_ch1_eps_20260710T18_ctrl_oper_icon_000/lfff00030000
f004	lfff_f004	/scratch/mch/olifu/icon_hicar/data/icon_ch1_eps_20260710T18_ctrl_oper_icon_000/lfff00040000
f005	lfff_f005	/scratch/mch/olifu/icon_hicar/data/icon_ch1_eps_20260710T18_ctrl_oper_icon_000/lfff00050000
f006	lfff_f006	/scratch/mch/olifu/icon_hicar/data/icon_ch1_eps_20260710T18_ctrl_oper_icon_000/lfff00060000
f007	lfff_f007	/scratch/mch/olifu/icon_hicar/data/icon_ch1_eps_20260710T18_ctrl_oper_icon_000/lfff00070000
f008	lfff_f008	/scratch/mch/olifu/icon_hicar/data/icon_ch1_eps_20260710T18_ctrl_oper_icon_000/lfff00080000
f009	lfff_f009	/scratch/mch/olifu/icon_hicar/data/icon_ch1_eps_20260710T18_ctrl_oper_icon_000/lfff00090000
f010	lfff_f010	/scratch/mch/olifu/icon_hicar/data/icon_ch1_eps_20260710T18_ctrl_oper_icon_000/lfff00100000
f011	lfff_f011	/scratch/mch/olifu/icon_hicar/data/icon_ch1_eps_20260710T18_ctrl_oper_icon_000/lfff00110000
f012	lfff_f012	/scratch/mch/olifu/icon_hicar/data/icon_ch1_eps_20260710T18_ctrl_oper_icon_000/lfff00120000
f013	lfff_f013	/scratch/mch/olifu/icon_hicar/data/icon_ch1_eps_20260710T18_ctrl_oper_icon_000/lfff00130000
f014	lfff_f014	/scratch/mch/olifu/icon_hicar/data/icon_ch1_eps_20260710T18_ctrl_oper_icon_000/lfff00140000
f015	lfff_f015	/scratch/mch/olifu/icon_hicar/data/icon_ch1_eps_20260710T18_ctrl_oper_icon_000/lfff00150000
f016	lfff_f016	/scratch/mch/olifu/icon_hicar/data/icon_ch1_eps_20260710T18_ctrl_oper_icon_000/lfff00160000
f017	lfff_f017	/scratch/mch/olifu/icon_hicar/data/icon_ch1_eps_20260710T18_ctrl_oper_icon_000/lfff00170000
f018	lfff_f018	/scratch/mch/olifu/icon_hicar/data/icon_ch1_eps_20260710T18_ctrl_oper_icon_000/lfff00180000
f019	lfff_f019	/scratch/mch/olifu/icon_hicar/data/icon_ch1_eps_20260710T18_ctrl_oper_icon_000/lfff00190000
f020	lfff_f020	/scratch/mch/olifu/icon_hicar/data/icon_ch1_eps_20260710T18_ctrl_oper_icon_000/lfff00200000
f021	lfff_f021	/scratch/mch/olifu/icon_hicar/data/icon_ch1_eps_20260710T18_ctrl_oper_icon_000/lfff00210000
f022	lfff_f022	/scratch/mch/olifu/icon_hicar/data/icon_ch1_eps_20260710T18_ctrl_oper_icon_000/lfff00220000
f023	lfff_f023	/scratch/mch/olifu/icon_hicar/data/icon_ch1_eps_20260710T18_ctrl_oper_icon_000/lfff00230000
f024	lfff_f024	/scratch/mch/olifu/icon_hicar/data/icon_ch1_eps_20260710T18_ctrl_oper_icon_000/lfff01000000
f025	lfff_f025	/scratch/mch/olifu/icon_hicar/data/icon_ch1_eps_20260710T18_ctrl_oper_icon_000/lfff01010000
f026	lfff_f026	/scratch/mch/olifu/icon_hicar/data/icon_ch1_eps_20260710T18_ctrl_oper_icon_000/lfff01020000
f027	lfff_f027	/scratch/mch/olifu/icon_hicar/data/icon_ch1_eps_20260710T18_ctrl_oper_icon_000/lfff01030000
f028	lfff_f028	/scratch/mch/olifu/icon_hicar/data/icon_ch1_eps_20260710T18_ctrl_oper_icon_000/lfff01040000
f029	lfff_f029	/scratch/mch/olifu/icon_hicar/data/icon_ch1_eps_20260710T18_ctrl_oper_icon_000/lfff01050000
f030	lfff_f030	/scratch/mch/olifu/icon_hicar/data/icon_ch1_eps_20260710T18_ctrl_oper_icon_000/lfff01060000
f031	lfff_f031	/scratch/mch/olifu/icon_hicar/data/icon_ch1_eps_20260710T18_ctrl_oper_icon_000/lfff01070000
f032	lfff_f032	/scratch/mch/olifu/icon_hicar/data/icon_ch1_eps_20260710T18_ctrl_oper_icon_000/lfff01080000
f033	lfff_f033	/scratch/mch/olifu/icon_hicar/data/icon_ch1_eps_20260710T18_ctrl_oper_icon_000/lfff01090000
